{
    "current_slot_index": 1,
    "voice_changer_input_mode": "client",
    "sio_broadcast": false,
    "pass_through": false,
    "recording_started": false,
    "enable_performance_monitor": true,
    "enable_high_pass_filter": false,
    "high_pass_filter_cutoff": 100.0,
    "enable_low_pass_filter": false,
    "low_pass_filter_cutoff": 10000.0,
    "volume_tuning_type": "sqrt",
    "audio_input_device_index": -1,
    "audio_output_device_index": -1,
    "audio_monitor_device_index": -1,
    "wasapi_exclude_emabled": true,
    "audio_input_device_sample_rate": -1,
    "audio_output_device_sample_rate": -1,
    "audio_monitor_device_sample_rate": -1,
    "audio_input_device_gain": 2.0,
    "audio_output_device_gain": 1.0,
    "audio_monitor_device_gain": 1.0,
    "server_device_trancate_buffer_ratio": 1.0,
    "noise_gate": -100.0,
    "extra_frame_sec": 0.08,
    "crossfade_sec": 0.05,
    "sola_search_frame_sec": 0.012,
    "gpu_device_id_int": 0,
    "input_sample_rate": 48000,
    "output_sample_rate": 48000,
    "monitor_sample_rate": 48000
}